1,フシギダネ,フシギダネ,bulbasaur,45,49,49,65,65,45,318,くさ,どく,0.7,6.9
2,フシギソウ,フシギソウ,ivysaur,60,62,63,80,80,60,405,くさ,どく,1,13.0
3,フシギバナ,フシギバナ,venusaur,80,82,83,100,100,80,525,くさ,どく,2,100.0
4,ヒトカゲ,ヒトカゲ,charmander,39,52,43,60,50,65,309,ほのお,,0.6,8.5
5,リザード,リザド,charmeleon,58,64,58,80,65,80,405,ほのお,,1.1,19.0
6,リザードン,リザドン,charizard,78,84,78,109,85,100,534,ほのお,ひこう,1.7,90.5
7,ゼニガメ,ゼニガメ,squirtle,44,48,65,50,64,43,314,みず,,0.5,9.0
8,カメール,カメル,wartortle,59,63,80,65,80,58,405,みず,,1,22.5
9,カメックス,カメックス,blastoise,79,83,100,85,105,78,530,みず,,1.6,85.5
10,キャタピー,キヤタピ,caterpie,45,30,35,20,20,45,195,むし,,0.3,2.9
11,トランセル,トランセル,metapod,50,20,55,25,25,30,205,むし,,0.7,9.9
12,バタフリー,バタフリ,butterfree,60,45,50,90,80,70,395,むし,ひこう,1.1,32.0
13,ビードル,ビドル,weedle,40,35,30,20,20,50,195,むし,どく,0.3,3.2
14,コクーン,コクン,kakuna,45,25,50,25,25,35,205,むし,どく,0.6,10.0
15,スピアー,スピア,beedrill,65,90,40,45,80,75,395,むし,どく,1,29.5
16,ポッポ,ポッポ,pidgey,40,45,40,35,35,56,251,ノーマル,ひこう,0.3,1.8
17,ピジョン,ピジヨン,pidgeotto,63,60,55,50,50,71,349,ノーマル,ひこう,1.1,30.0
18,ピジョット,ピジヨット,pidgeot,83,80,75,70,70,101,479,ノーマル,ひこう,1.5,39.5
19,コラッタ,コラッタ,rattata,30,56,35,25,35,72,253,ノーマル,,0.3,3.5
20,ラッタ,ラッタ,raticate,55,81,60,50,70,97,413,ノーマル,,0.7,18.5
21,オニスズメ,オニスズメ,spearow,40,60,30,31,31,70,262,ノーマル,ひこう,0.3,2.0
22,オニドリル,オニドリル,fearow,65,90,65,61,61,100,442,ノーマル,ひこう,1.2,38.0
23,アーボ,アボ,ekans,35,60,44,40,54,55,288,どく,,2,6.9
24,アーボック,アボック,arbok,60,95,69,65,79,80,448,どく,,3.5,65.0
25,ピカチュウ,ピカチユウ,pikachu,35,55,40,50,50,90,320,でんき,,0.4,6.0
26,ライチュウ,ライチユウ,raichu,60,90,55,90,80,110,485,でんき,,0.8,30.0
27,サンド,サンド,sandshrew,50,75,85,20,30,40,300,じめん,,0.6,12.0
28,サンドパン,サンドパン,sandslash,75,100,110,45,55,65,450,じめん,,1,29.5
29,ニドラン♀,ニドランメス,nidoran♀,55,47,52,40,40,41,275,どく,,0.4,7.0
30,ニドリーナ,ニドリナ,nidorina,70,62,67,55,55,56,365,どく,,0.8,20.0
31,ニドクイン,ニドクイン,nidoqueen,90,92,87,75,85,76,505,どく,じめん,1.3,60.0
32,ニドラン♂,ニドランオス,nidoran♂,46,57,40,40,40,50,273,どく,,0.5,9.0
33,ニドリーノ,ニドリノ,nidorino,61,72,57,55,55,65,365,どく,,0.9,19.5
34,ニドキング,ニドキング,nidoking,81,102,77,85,75,85,505,どく,じめん,1.4,62.0
35,ピッピ,ピッピ,clefairy,70,45,48,60,65,35,323,フェアリー,,0.6,7.5
36,ピクシー,ピクシ,clefable,95,70,73,95,90,60,483,フェアリー,,1.3,40.0
37,ロコン,ロコン,vulpix,38,41,40,50,65,65,299,ほのお,,0.6,9.9
38,キュウコン,キユウコン,ninetales,73,76,75,81,100,100,505,ほのお,,1.1,19.9
39,プリン,プリン,jigglypuff,115,45,20,45,25,20,270,ノーマル,フェアリー,0.5,5.5
40,プクリン,プクリン,wigglytuff,140,70,45,85,50,45,435,ノーマル,フェアリー,1,12.0
41,ズバット,ズバット,zubat,40,45,35,30,40,55,245,どく,ひこう,0.8,7.5
42,ゴルバット,ゴルバット,golbat,75,80,70,65,75,90,455,どく,ひこう,1.6,55.0
43,ナゾノクサ,ナゾノクサ,oddish,45,50,55,75,65,30,320,くさ,どく,0.5,5.4
44,クサイハナ,クサイハナ,gloom,60,65,70,85,75,40,395,くさ,どく,0.8,8.6
45,ラフレシア,ラフレシア,vileplume,75,80,85,110,90,50,490,くさ,どく,1.2,18.6
46,パラス,パラス,paras,35,70,55,45,55,25,285,むし,くさ,0.3,5.4
47,パラセクト,パラセクト,parasect,60,95,80,60,80,30,405,むし,くさ,1,29.5
48,コンパン,コンパン,venonat,60,55,50,40,55,45,305,むし,どく,1,30.0
49,モルフォン,モルフオン,venomoth,70,65,60,90,75,90,450,むし,どく,1.5,12.5
50,ディグダ,デイグダ,diglett,10,55,25,35,45,95,265,じめん,,0.2,0.8
51,ダグトリオ,ダグトリオ,dugtrio,35,100,50,50,70,120,425,じめん,,0.7,33.3
52,ニャース,ニヤス,meowth,40,45,35,40,40,90,290,ノーマル,,0.4,4.2
53,ペルシアン,ペルシアン,persian,65,70,60,65,65,115,440,ノーマル,,1,32.0
54,コダック,コダック,psyduck,50,52,48,65,50,55,320,みず,,0.8,19.6
55,ゴルダック,ゴルダック,golduck,80,82,78,95,80,85,500,みず,,1.7,76.6
56,マンキー,マンキ,mankey,40,80,35,35,45,70,305,かくとう,,0.5,28.0
57,オコリザル,オコリザル,primeape,65,105,60,60,70,95,455,かくとう,,1,32.0
58,ガーディ,ガデイ,growlithe,55,70,45,70,50,60,350,ほのお,,0.7,19.0
59,ウインディ,ウインデイ,arcanine,90,110,80,100,80,95,555,ほのお,,1.9,155.0
60,ニョロモ,ニヨロモ,poliwag,40,50,40,40,40,90,300,みず,,0.6,12.4
61,ニョロゾ,ニヨロゾ,poliwhirl,65,65,65,50,50,90,385,みず,,1,20.0
62,ニョロボン,ニヨロボン,poliwrath,90,95,95,70,90,70,510,みず,かくとう,1.3,54.0
63,ケーシィ,ケシイ,abra,25,20,15,105,55,90,310,エスパー,,0.9,19.5
64,ユンゲラー,ユンゲラ,kadabra,40,35,30,120,70,105,400,エスパー,,1.3,56.5
65,フーディン,フデイン,alakazam,55,50,45,135,95,120,500,エスパー,,1.5,48.0
66,ワンリキー,ワンリキ,machop,70,80,50,35,35,35,305,かくとう,,0.8,19.5
67,ゴーリキー,ゴリキ,machoke,80,100,70,50,60,45,405,かくとう,,1.5,70.5
68,カイリキー,カイリキ,machamp,90,130,80,65,85,55,505,かくとう,,1.6,130.0
69,マダツボミ,マダツボミ,bellsprout,50,75,35,70,30,40,300,くさ,どく,0.7,4.0
70,ウツドン,ウツドン,weepinbell,65,90,50,85,45,55,390,くさ,どく,1,6.4
71,ウツボット,ウツボット,victreebel,80,105,65,100,70,70,490,くさ,どく,1.7,15.5
72,メノクラゲ,メノクラゲ,tentacool,40,40,35,50,100,70,335,みず,どく,0.9,45.5
73,ドククラゲ,ドククラゲ,tentacruel,80,70,65,80,120,100,515,みず,どく,1.6,55.0
74,イシツブテ,イシツブテ,geodude,40,80,100,30,30,20,300,いわ,じめん,0.4,20.0
75,ゴローン,ゴロン,graveler,55,95,115,45,45,35,390,いわ,じめん,1,105.0
76,ゴローニャ,ゴロニヤ,golem,80,120,130,55,65,45,495,いわ,じめん,1.4,300.0
77,ポニータ,ポニタ,ponyta,50,85,55,65,65,90,410,ほのお,,1,30.0
78,ギャロップ,ギヤロップ,rapidash,65,100,70,80,80,105,500,ほのお,,1.7,95.0
79,ヤドン,ヤドン,slowpoke,90,65,65,40,40,15,315,みず,エスパー,1.2,36.0
80,ヤドラン,ヤドラン,slowbro,95,75,110,100,80,30,490,みず,エスパー,1.6,78.5
81,コイル,コイル,magnemite,25,35,70,95,55,45,325,でんき,はがね,0.3,6.0
82,レアコイル,レアコイル,magneton,50,60,95,120,70,70,465,でんき,はがね,1,60.0
83,カモネギ,カモネギ,farfetch’d,52,90,55,58,62,60,377,ノーマル,ひこう,0.8,15.0
84,ドードー,ドド,doduo,35,85,45,35,35,75,310,ノーマル,ひこう,1.4,39.2
85,ドードリオ,ドドリオ,dodrio,60,110,70,60,60,110,470,ノーマル,ひこう,1.8,85.2
86,パウワウ,パウワウ,seel,65,45,55,45,70,45,325,みず,,1.1,90.0
87,ジュゴン,ジユゴン,dewgong,90,70,80,70,95,70,475,みず,こおり,1.7,120.0
88,ベトベター,ベトベタ,grimer,80,80,50,40,50,25,325,どく,,0.9,30.0
89,ベトベトン,ベトベトン,muk,105,105,75,65,100,50,500,どく,,1.2,30.0
90,シェルダー,シエルダ,shellder,30,65,100,45,25,40,305,みず,,0.3,4.0
91,パルシェン,パルシエン,cloyster,50,95,180,85,45,70,525,みず,こおり,1.5,132.5
92,ゴース,ゴス,gastly,30,35,30,100,35,80,310,ゴースト,どく,1.3,0.1
93,ゴースト,ゴスト,haunter,45,50,45,115,55,95,405,ゴースト,どく,1.6,0.1
94,ゲンガー,ゲンガ,gengar,60,65,60,130,75,110,500,ゴースト,どく,1.5,40.5
95,イワーク,イワク,onix,35,45,160,30,45,70,385,いわ,じめん,8.8,210.0
96,スリープ,スリプ,drowzee,60,48,45,43,90,42,328,エスパー,,1,32.4
97,スリーパー,スリパ,hypno,85,73,70,73,115,67,483,エスパー,,1.6,75.6
98,クラブ,クラブ,krabby,30,105,90,25,25,50,325,みず,,0.4,6.5
99,キングラー,キングラ,kingler,55,130,115,50,50,75,475,みず,,1.3,60.0
100,ビリリダマ,ビリリダマ,voltorb,40,30,50,55,55,100,330,でんき,,0.5,10.4
101,マルマイン,マルマイン,electrode,60,50,70,80,80,150,490,でんき,,1.2,66.6
102,タマタマ,タマタマ,exeggcute,60,40,80,60,45,40,325,くさ,エスパー,0.4,25.0
103,ナッシー,ナッシ,exeggutor,95,95,85,125,75,55,530,くさ,エスパー,2,120.0
104,カラカラ,カラカラ,cubone,50,50,95,40,50,35,320,じめん,,0.4,6.5
105,ガラガラ,ガラガラ,marowak,60,80,110,50,80,45,425,じめん,,1,45.0
106,サワムラー,サワムラ,hitmonlee,50,120,53,35,110,87,455,かくとう,,1.5,49.8
107,エビワラー,エビワラ,hitmonchan,50,105,79,35,110,76,455,かくとう,,1.4,50.2
108,ベロリンガ,ベロリンガ,lickitung,90,55,75,60,75,30,385,ノーマル,,1.2,65.5
109,ドガース,ドガス,koffing,40,65,95,60,45,35,340,どく,,0.6,1.0
110,マタドガス,マタドガス,weezing,65,90,120,85,70,60,490,どく,,1.2,9.5
111,サイホーン,サイホン,rhyhorn,80,85,95,30,30,25,345,じめん,いわ,1,115.0
112,サイドン,サイドン,rhydon,105,130,120,45,45,40,485,じめん,いわ,1.9,120.0
113,ラッキー,ラッキ,chansey,250,5,5,35,105,50,450,ノーマル,,1.1,34.6
114,モンジャラ,モンジヤラ,tangela,65,55,115,100,40,60,435,くさ,,1,35.0
115,ガルーラ,ガルラ,kangaskhan,105,95,80,40,80,90,490,ノーマル,,2.2,80.0
116,タッツー,タッツ,horsea,30,40,70,70,25,60,295,みず,,0.4,8.0
117,シードラ,シドラ,seadra,55,65,95,95,45,85,440,みず,,1.2,25.0
118,トサキント,トサキント,goldeen,45,67,60,35,50,63,320,みず,,0.6,15.0
119,アズマオウ,アズマオウ,seaking,80,92,65,65,80,68,450,みず,,1.3,39.0
120,ヒトデマン,ヒトデマン,staryu,30,45,55,70,55,85,340,みず,,0.8,34.5
121,スターミー,スタミ,starmie,60,75,85,100,85,115,520,みず,エスパー,1.1,80.0
122,バリヤード,バリヤド,mr. mime,40,45,65,100,120,90,460,エスパー,フェアリー,1.3,54.5
123,ストライク,ストライク,scyther,70,110,80,55,80,105,500,むし,ひこう,1.5,56.0
124,ルージュラ,ルジユラ,jynx,65,50,35,115,95,95,455,こおり,エスパー,1.4,40.6
125,エレブー,エレブ,electabuzz,65,83,57,95,85,105,490,でんき,,1.1,30.0
126,ブーバー,ブバ,magmar,65,95,57,100,85,93,495,ほのお,,1.3,44.5
127,カイロス,カイロス,pinsir,65,125,100,55,70,85,500,むし,,1.5,55.0
128,ケンタロス,ケンタロス,tauros,75,100,95,40,70,110,490,ノーマル,,1.4,88.4
129,コイキング,コイキング,magikarp,20,10,55,15,20,80,200,みず,,0.9,10.0
130,ギャラドス,ギヤラドス,gyarados,95,125,79,60,100,81,540,みず,ひこう,6.5,235.0
131,ラプラス,ラプラス,lapras,130,85,80,85,95,60,535,みず,こおり,2.5,220.0
132,メタモン,メタモン,ditto,48,48,48,48,48,48,288,ノーマル,,0.3,4.0
133,イーブイ,イブイ,eevee,55,55,50,45,65,55,325,ノーマル,,0.3,6.5
134,シャワーズ,シヤワズ,vaporeon,130,65,60,110,95,65,525,みず,,1,29.0
135,サンダース,サンダス,jolteon,65,65,60,110,95,130,525,でんき,,0.8,24.5
136,ブースター,ブスタ,flareon,65,130,60,95,110,65,525,ほのお,,0.9,25.0
137,ポリゴン,ポリゴン,porygon,65,60,70,85,75,40,395,ノーマル,,0.8,36.5
138,オムナイト,オムナイト,omanyte,35,40,100,90,55,35,355,いわ,みず,0.4,7.5
139,オムスター,オムスタ,omastar,70,60,125,115,70,55,495,いわ,みず,1,35.0
140,カブト,カブト,kabuto,30,80,90,55,45,55,355,いわ,みず,0.5,11.5
141,カブトプス,カブトプス,kabutops,60,115,105,65,70,80,495,いわ,みず,1.3,40.5
142,プテラ,プテラ,aerodactyl,80,105,65,60,75,130,515,いわ,ひこう,1.8,59.0
143,カビゴン,カビゴン,snorlax,160,110,65,65,110,30,540,ノーマル,,2.1,460.0
144,フリーザー,フリザ,articuno,90,85,100,95,125,85,580,こおり,ひこう,1.7,55.4
145,サンダー,サンダ,zapdos,90,90,85,125,90,100,580,でんき,ひこう,1.6,52.6
146,ファイヤー,フアイヤ,moltres,90,100,90,125,85,90,580,ほのお,ひこう,2,60.0
147,ミニリュウ,ミニリユウ,dratini,41,64,45,50,50,50,300,ドラゴン,,1.8,3.3
148,ハクリュー,ハクリユ,dragonair,61,84,65,70,70,70,420,ドラゴン,,4,16.5
149,カイリュー,カイリユ,dragonite,91,134,95,100,100,80,600,ドラゴン,ひこう,2.2,210.0
150,ミュウツー,ミユウツ,mewtwo,106,110,90,154,90,130,680,エスパー,,2,122.0
151,ミュウ,ミユウ,mew,100,100,100,100,100,100,600,エスパー,,0.4,4.0
152,チコリータ,チコリタ,chikorita,45,49,65,49,65,45,318,くさ,,0.9,6.4
153,ベイリーフ,ベイリフ,bayleef,60,62,80,63,80,60,405,くさ,,1.2,15.8
154,メガニウム,メガニウム,meganium,80,82,100,83,100,80,525,くさ,,1.8,100.5
155,ヒノアラシ,ヒノアラシ,cyndaquil,39,52,43,60,50,65,309,ほのお,,0.5,7.9
156,マグマラシ,マグマラシ,quilava,58,64,58,80,65,80,405,ほのお,,0.9,19.0
157,バクフーン,バクフン,typhlosion,78,84,78,109,85,100,534,ほのお,,1.7,79.5
158,ワニノコ,ワニノコ,totodile,50,65,64,44,48,43,314,みず,,0.6,9.5
159,アリゲイツ,アリゲイツ,croconaw,65,80,80,59,63,58,405,みず,,1.1,25.0
160,オーダイル,オダイル,feraligatr,85,105,100,79,83,78,530,みず,,2.3,88.8
161,オタチ,オタチ,sentret,35,46,34,35,45,20,215,ノーマル,,0.8,6.0
162,オオタチ,オオタチ,furret,85,76,64,45,55,90,415,ノーマル,,1.8,32.5
163,ホーホー,ホホ,hoothoot,60,30,30,36,56,50,262,ノーマル,ひこう,0.7,21.2
164,ヨルノズク,ヨルノズク,noctowl,100,50,50,86,96,70,452,ノーマル,ひこう,1.6,40.8
165,レディバ,レデイバ,ledyba,40,20,30,40,80,55,265,むし,ひこう,1,10.8
166,レディアン,レデイアン,ledian,55,35,50,55,110,85,390,むし,ひこう,1.4,35.6
167,イトマル,イトマル,spinarak,40,60,40,40,40,30,250,むし,どく,0.5,8.5
168,アリアドス,アリアドス,ariados,70,90,70,60,60,40,400,むし,どく,1.1,33.5
169,クロバット,クロバット,crobat,85,90,80,70,80,130,535,どく,ひこう,1.8,75.0
170,チョンチー,チヨンチ,chinchou,75,38,38,56,56,67,330,みず,でんき,0.5,12.0
171,ランターン,ランタン,lanturn,125,58,58,76,76,67,460,みず,でんき,1.2,22.5
172,ピチュー,ピチユ,pichu,20,40,15,35,35,60,205,でんき,,0.3,2.0
173,ピィ,ピイ,cleffa,50,25,28,45,55,15,218,フェアリー,,0.3,3.0
174,ププリン,ププリン,igglybuff,90,30,15,40,20,15,210,ノーマル,フェアリー,0.3,1.0
175,トゲピー,トゲピ,togepi,35,20,65,40,65,20,245,フェアリー,,0.3,1.5
176,トゲチック,トゲチック,togetic,55,40,85,80,105,40,405,フェアリー,ひこう,0.6,3.2
177,ネイティ,ネイテイ,natu,40,50,45,70,45,70,320,エスパー,ひこう,0.2,2.0
178,ネイティオ,ネイテイオ,xatu,65,75,70,95,70,95,470,エスパー,ひこう,1.5,15.0
179,メリープ,メリプ,mareep,55,40,40,65,45,35,280,でんき,,0.6,7.8
180,モココ,モココ,flaaffy,70,55,55,80,60,45,365,でんき,,0.8,13.3
181,デンリュウ,デンリユウ,ampharos,90,75,85,115,90,55,510,でんき,,1.4,61.5
182,キレイハナ,キレイハナ,bellossom,75,80,95,90,100,50,490,くさ,,0.4,5.8
183,マリル,マリル,marill,70,20,50,20,50,40,250,みず,フェアリー,0.4,8.5
184,マリルリ,マリルリ,azumarill,100,50,80,60,80,50,420,みず,フェアリー,0.8,28.5
185,ウソッキー,ウソッキ,sudowoodo,70,100,115,30,65,30,410,いわ,,1.2,38.0
186,ニョロトノ,ニヨロトノ,politoed,90,75,75,90,100,70,500,みず,,1.1,33.9
187,ハネッコ,ハネッコ,hoppip,35,35,40,35,55,50,250,くさ,ひこう,0.4,0.5
188,ポポッコ,ポポッコ,skiploom,55,45,50,45,65,80,340,くさ,ひこう,0.6,1.0
189,ワタッコ,ワタッコ,jumpluff,75,55,70,55,95,110,460,くさ,ひこう,0.8,3.0
190,エイパム,エイパム,aipom,55,70,55,40,55,85,360,ノーマル,,0.8,11.5
191,ヒマナッツ,ヒマナッツ,sunkern,30,30,30,30,30,30,180,くさ,,0.3,1.8
192,キマワリ,キマワリ,sunflora,75,75,55,105,85,30,425,くさ,,0.8,8.5
193,ヤンヤンマ,ヤンヤンマ,yanma,65,65,45,75,45,95,390,むし,ひこう,1.2,38.0
194,ウパー,ウパ,wooper,55,45,45,25,25,15,210,みず,じめん,0.4,8.5
195,ヌオー,ヌオ,quagsire,95,85,85,65,65,35,430,みず,じめん,1.4,75.0
196,エーフィ,エフイ,espeon,65,65,60,130,95,110,525,エスパー,,0.9,26.5
197,ブラッキー,ブラッキ,umbreon,95,65,110,60,130,65,525,あく,,1,27.0
198,ヤミカラス,ヤミカラス,murkrow,60,85,42,85,42,91,405,あく,ひこう,0.5,2.1
199,ヤドキング,ヤドキング,slowking,95,75,80,100,110,30,490,みず,エスパー,2,79.5
200,ムウマ,ムウマ,misdreavus,60,60,60,85,85,85,435,ゴースト,,0.7,1.0
201,アンノーン,アンノン,unown,48,72,48,72,48,48,336,エスパー,,0.5,5.0
202,ソーナンス,ソナンス,wobbuffet,190,33,58,33,58,33,405,エスパー,,1.3,28.5
203,キリンリキ,キリンリキ,girafarig,70,80,65,90,65,85,455,ノーマル,エスパー,1.5,41.5
204,クヌギダマ,クヌギダマ,pineco,50,65,90,35,35,15,290,むし,,0.6,7.2
205,フォレトス,フオレトス,forretress,75,90,140,60,60,40,465,むし,はがね,1.2,125.8
206,ノコッチ,ノコッチ,dunsparce,100,70,70,65,65,45,415,ノーマル,,1.5,14.0
207,グライガー,グライガ,gligar,65,75,105,35,65,85,430,じめん,ひこう,1.1,64.8
208,ハガネール,ハガネル,steelix,75,85,200,55,65,30,510,はがね,じめん,9.2,400.0
209,ブルー,ブル,snubbull,60,80,50,40,40,30,300,フェアリー,,0.6,7.8
210,グランブル,グランブル,granbull,90,120,75,60,60,45,450,フェアリー,,1.4,48.7
211,ハリーセン,ハリセン,qwilfish,65,95,85,55,55,85,440,みず,どく,0.5,3.9
212,ハッサム,ハッサム,scizor,70,130,100,55,80,65,500,むし,はがね,1.8,118.0
213,ツボツボ,ツボツボ,shuckle,20,10,230,10,230,5,505,むし,いわ,0.6,20.5
214,ヘラクロス,ヘラクロス,heracross,80,125,75,40,95,85,500,むし,かくとう,1.5,54.0
215,ニューラ,ニユラ,sneasel,55,95,55,35,75,115,430,あく,こおり,0.9,28.0
216,ヒメグマ,ヒメグマ,teddiursa,60,80,50,50,50,40,330,ノーマル,,0.6,8.8
217,リングマ,リングマ,ursaring,90,130,75,75,75,55,500,ノーマル,,1.8,125.8
218,マグマッグ,マグマッグ,slugma,40,40,40,70,40,20,250,ほのお,,0.7,35.0
219,マグカルゴ,マグカルゴ,magcargo,60,50,120,90,80,30,430,ほのお,いわ,0.8,55.0
220,ウリムー,ウリム,swinub,50,50,40,30,30,50,250,こおり,じめん,0.4,6.5
221,イノムー,イノム,piloswine,100,100,80,60,60,50,450,こおり,じめん,1.1,55.8
222,サニーゴ,サニゴ,corsola,65,55,95,65,95,35,410,みず,いわ,0.6,5.0
223,テッポウオ,テッポウオ,remoraid,35,65,35,65,35,65,300,みず,,0.6,12.0
224,オクタン,オクタン,octillery,75,105,75,105,75,45,480,みず,,0.9,28.5
225,デリバード,デリバド,delibird,45,55,45,65,45,75,330,こおり,ひこう,0.9,16.0
226,マンタイン,マンタイン,mantine,85,40,70,80,140,70,485,みず,ひこう,2.1,220.0
227,エアームド,エアムド,skarmory,65,80,140,40,70,70,465,はがね,ひこう,1.7,50.5
228,デルビル,デルビル,houndour,45,60,30,80,50,65,330,あく,ほのお,0.6,10.8
229,ヘルガー,ヘルガ,houndoom,75,90,50,110,80,95,500,あく,ほのお,1.4,35.0
230,キングドラ,キングドラ,kingdra,75,95,95,95,95,85,540,みず,ドラゴン,1.8,152.0
231,ゴマゾウ,ゴマゾウ,phanpy,90,60,60,40,40,40,330,じめん,,0.5,33.5
232,ドンファン,ドンフアン,donphan,90,120,120,60,60,50,500,じめん,,1.1,120.0
233,ポリゴン２,ポリゴンツ,porygon2,85,80,90,105,95,60,515,ノーマル,,0.6,32.5
234,オドシシ,オドシシ,stantler,73,95,62,85,65,85,465,ノーマル,,1.4,71.2
235,ドーブル,ドブル,smeargle,55,20,35,20,45,75,250,ノーマル,,1.2,58.0
236,バルキー,バルキ,tyrogue,35,35,35,35,35,35,210,かくとう,,0.7,21.0
237,カポエラー,カポエラ,hitmontop,50,95,95,35,110,70,455,かくとう,,1.4,48.0
238,ムチュール,ムチユル,smoochum,45,30,15,85,65,65,305,こおり,エスパー,0.4,6.0
239,エレキッド,エレキッド,elekid,45,63,37,65,55,95,360,でんき,,0.6,23.5
240,ブビィ,ブビイ,magby,45,75,37,70,55,83,365,ほのお,,0.7,21.4
241,ミルタンク,ミルタンク,miltank,95,80,105,40,70,100,490,ノーマル,,1.2,75.5
242,ハピナス,ハピナス,blissey,255,10,10,75,135,55,540,ノーマル,,1.5,46.8
243,ライコウ,ライコウ,raikou,90,85,75,115,100,115,580,でんき,,1.9,178.0
244,エンテイ,エンテイ,entei,115,115,85,90,75,100,580,ほのお,,2.1,198.0
245,スイクン,スイクン,suicune,100,75,115,90,115,85,580,みず,,2,187.0
246,ヨーギラス,ヨギラス,larvitar,50,64,50,45,50,41,300,いわ,じめん,0.6,72.0
247,サナギラス,サナギラス,pupitar,70,84,70,65,70,51,410,いわ,じめん,1.2,152.0
248,バンギラス,バンギラス,tyranitar,100,134,110,95,100,61,600,いわ,あく,2,202.0
249,ルギア,ルギア,lugia,106,90,130,90,154,110,680,エスパー,ひこう,5.2,216.0
250,ホウオウ,ホウオウ,ho-oh,106,130,90,110,154,90,680,ほのお,ひこう,3.8,199.0
251,セレビィ,セレビイ,celebi,100,100,100,100,100,100,600,エスパー,くさ,0.6,5.0
252,キモリ,キモリ,treecko,40,45,35,65,55,70,310,くさ,,0.5,5.0
253,ジュプトル,ジユプトル,grovyle,50,65,45,85,65,95,405,くさ,,0.9,21.6
254,ジュカイン,ジユカイン,sceptile,70,85,65,105,85,120,530,くさ,,1.7,52.2
255,アチャモ,アチヤモ,torchic,45,60,40,70,50,45,310,ほのお,,0.4,2.5
256,ワカシャモ,ワカシヤモ,combusken,60,85,60,85,60,55,405,ほのお,かくとう,0.9,19.5
257,バシャーモ,バシヤモ,blaziken,80,120,70,110,70,80,530,ほのお,かくとう,1.9,52.0
258,ミズゴロウ,ミズゴロウ,mudkip,50,70,50,50,50,40,310,みず,,0.4,7.6
259,ヌマクロー,ヌマクロ,marshtomp,70,85,70,60,70,50,405,みず,じめん,0.7,28.0
260,ラグラージ,ラグラジ,swampert,100,110,90,85,90,60,535,みず,じめん,1.5,81.9
261,ポチエナ,ポチエナ,poochyena,35,55,35,30,30,35,220,あく,,0.5,13.6
262,グラエナ,グラエナ,mightyena,70,90,70,60,60,70,420,あく,,1,37.0
263,ジグザグマ,ジグザグマ,zigzagoon,38,30,41,30,41,60,240,ノーマル,,0.4,17.5
264,マッスグマ,マッスグマ,linoone,78,70,61,50,61,100,420,ノーマル,,0.5,32.5
265,ケムッソ,ケムッソ,wurmple,45,45,35,20,30,20,195,むし,,0.3,3.6
266,カラサリス,カラサリス,silcoon,50,35,55,25,25,15,205,むし,,0.6,10.0
267,アゲハント,アゲハント,beautifly,60,70,50,100,50,65,395,むし,ひこう,1,28.4
268,マユルド,マユルド,cascoon,50,35,55,25,25,15,205,むし,,0.7,11.5
269,ドクケイル,ドクケイル,dustox,60,50,70,50,90,65,385,むし,どく,1.2,31.6
270,ハスボー,ハスボ,lotad,40,30,30,40,50,30,220,みず,くさ,0.5,2.6
271,ハスブレロ,ハスブレロ,lombre,60,50,50,60,70,50,340,みず,くさ,1.2,32.5
272,ルンパッパ,ルンパッパ,ludicolo,80,70,70,90,100,70,480,みず,くさ,1.5,55.0
273,タネボー,タネボ,seedot,40,40,50,30,30,30,220,くさ,,0.5,4.0
274,コノハナ,コノハナ,nuzleaf,70,70,40,60,40,60,340,くさ,あく,1,28.0
275,ダーテング,ダテング,shiftry,90,100,60,90,60,80,480,くさ,あく,1.3,59.6
276,スバメ,スバメ,taillow,40,55,30,30,30,85,270,ノーマル,ひこう,0.3,2.3
277,オオスバメ,オオスバメ,swellow,60,85,60,75,50,125,455,ノーマル,ひこう,0.7,19.8
278,キャモメ,キヤモメ,wingull,40,30,30,55,30,85,270,みず,ひこう,0.6,9.5
279,ペリッパー,ペリッパ,pelipper,60,50,100,95,70,65,440,みず,ひこう,1.2,28.0
280,ラルトス,ラルトス,ralts,28,25,25,45,35,40,198,エスパー,フェアリー,0.4,6.6
281,キルリア,キルリア,kirlia,38,35,35,65,55,50,278,エスパー,フェアリー,0.8,20.2
282,サーナイト,サナイト,gardevoir,68,65,65,125,115,80,518,エスパー,フェアリー,1.6,48.4
283,アメタマ,アメタマ,surskit,40,30,32,50,52,65,269,むし,みず,0.5,1.7
284,アメモース,アメモス,masquerain,70,60,62,100,82,80,454,むし,ひこう,0.8,3.6
285,キノココ,キノココ,shroomish,60,40,60,40,60,35,295,くさ,,0.4,4.5
286,キノガッサ,キノガッサ,breloom,60,130,80,60,60,70,460,くさ,かくとう,1.2,39.2
287,ナマケロ,ナマケロ,slakoth,60,60,60,35,35,30,280,ノーマル,,0.8,24.0
288,ヤルキモノ,ヤルキモノ,vigoroth,80,80,80,55,55,90,440,ノーマル,,1.4,46.5
289,ケッキング,ケッキング,slaking,150,160,100,95,65,100,670,ノーマル,,2,130.5
290,ツチニン,ツチニン,nincada,31,45,90,30,30,40,266,むし,じめん,0.5,5.5
291,テッカニン,テッカニン,ninjask,61,90,45,50,50,160,456,むし,ひこう,0.8,12.0
292,ヌケニン,ヌケニン,shedinja,1,90,45,30,30,40,236,むし,ゴースト,0.8,1.2
293,ゴニョニョ,ゴニヨニヨ,whismur,64,51,23,51,23,28,240,ノーマル,,0.6,16.3
294,ドゴーム,ドゴム,loudred,84,71,43,71,43,48,360,ノーマル,,1,40.5
295,バクオング,バクオング,exploud,104,91,63,91,73,68,490,ノーマル,,1.5,84.0
296,マクノシタ,マクノシタ,makuhita,72,60,30,20,30,25,237,かくとう,,1,86.4
297,ハリテヤマ,ハリテヤマ,hariyama,144,120,60,40,60,50,474,かくとう,,2.3,253.8
298,ルリリ,ルリリ,azurill,50,20,40,20,40,20,190,ノーマル,フェアリー,0.2,2.0
299,ノズパス,ノズパス,nosepass,30,45,135,45,90,30,375,いわ,,1,97.0
300,エネコ,エネコ,skitty,50,45,45,35,35,50,260,ノーマル,,0.6,11.0
301,エネコロロ,エネコロロ,delcatty,70,65,65,55,55,90,400,ノーマル,,1.1,32.6
302,ヤミラミ,ヤミラミ,sableye,50,75,75,65,65,50,380,あく,ゴースト,0.5,11.0
303,クチート,クチト,mawile,50,85,85,55,55,50,380,はがね,フェアリー,0.6,11.5
304,ココドラ,ココドラ,aron,50,70,100,40,40,30,330,はがね,いわ,0.4,60.0
305,コドラ,コドラ,lairon,60,90,140,50,50,40,430,はがね,いわ,0.9,120.0
306,ボスゴドラ,ボスゴドラ,aggron,70,110,180,60,60,50,530,はがね,いわ,2.1,360.0
307,アサナン,アサナン,meditite,30,40,55,40,55,60,280,かくとう,エスパー,0.6,11.2
308,チャーレム,チヤレム,medicham,60,60,75,60,75,80,410,かくとう,エスパー,1.3,31.5
309,ラクライ,ラクライ,electrike,40,45,40,65,40,65,295,でんき,,0.6,15.2
310,ライボルト,ライボルト,manectric,70,75,60,105,60,105,475,でんき,,1.5,40.2
311,プラスル,プラスル,plusle,60,50,40,85,75,95,405,でんき,,0.4,4.2
312,マイナン,マイナン,minun,60,40,50,75,85,95,405,でんき,,0.4,4.2
313,バルビート,バルビト,volbeat,65,73,75,47,85,85,430,むし,,0.7,17.7
314,イルミーゼ,イルミゼ,illumise,65,47,75,73,85,85,430,むし,,0.6,17.7
315,ロゼリア,ロゼリア,roselia,50,60,45,100,80,65,400,くさ,どく,0.3,2.0
316,ゴクリン,ゴクリン,gulpin,70,43,53,43,53,40,302,どく,,0.4,10.3
317,マルノーム,マルノム,swalot,100,73,83,73,83,55,467,どく,,1.7,80.0
318,キバニア,キバニア,carvanha,45,90,20,65,20,65,305,みず,あく,0.8,20.8
319,サメハダー,サメハダ,sharpedo,70,120,40,95,40,95,460,みず,あく,1.8,88.8
320,ホエルコ,ホエルコ,wailmer,130,70,35,70,35,60,400,みず,,2,130.0
321,ホエルオー,ホエルオ,wailord,170,90,45,90,45,60,500,みず,,14.5,398.0
322,ドンメル,ドンメル,numel,60,60,40,65,45,35,305,ほのお,じめん,0.7,24.0
323,バクーダ,バクダ,camerupt,70,100,70,105,75,40,460,ほのお,じめん,1.9,220.0
324,コータス,コタス,torkoal,70,85,140,85,70,20,470,ほのお,,0.5,80.4
325,バネブー,バネブ,spoink,60,25,35,70,80,60,330,エスパー,,0.7,30.6
326,ブーピッグ,ブピッグ,grumpig,80,45,65,90,110,80,470,エスパー,,0.9,71.5
327,パッチール,パッチル,spinda,60,60,60,60,60,60,360,ノーマル,,1.1,5.0
328,ナックラー,ナックラ,trapinch,45,100,45,45,45,10,290,じめん,,0.7,15.0
329,ビブラーバ,ビブラバ,vibrava,50,70,50,50,50,70,340,じめん,ドラゴン,1.1,15.3
330,フライゴン,フライゴン,flygon,80,100,80,80,80,100,520,じめん,ドラゴン,2,82.0
331,サボネア,サボネア,cacnea,50,85,40,85,40,35,335,くさ,,0.4,51.3
332,ノクタス,ノクタス,cacturne,70,115,60,115,60,55,475,くさ,あく,1.3,77.4
333,チルット,チルット,swablu,45,40,60,40,75,50,310,ノーマル,ひこう,0.4,1.2
334,チルタリス,チルタリス,altaria,75,70,90,70,105,80,490,ドラゴン,ひこう,1.1,20.6
335,ザングース,ザングス,zangoose,73,115,60,60,60,90,458,ノーマル,,1.3,40.3
336,ハブネーク,ハブネク,seviper,73,100,60,100,60,65,458,どく,,2.7,52.5
337,ルナトーン,ルナトン,lunatone,90,55,65,95,85,70,460,いわ,エスパー,1,168.0
338,ソルロック,ソルロック,solrock,90,95,85,55,65,70,460,いわ,エスパー,1.2,154.0
339,ドジョッチ,ドジヨッチ,barboach,50,48,43,46,41,60,288,みず,じめん,0.4,1.9
340,ナマズン,ナマズン,whiscash,110,78,73,76,71,60,468,みず,じめん,0.9,23.6
341,ヘイガニ,ヘイガニ,corphish,43,80,65,50,35,35,308,みず,,0.6,11.5
342,シザリガー,シザリガ,crawdaunt,63,120,85,90,55,55,468,みず,あく,1.1,32.8
343,ヤジロン,ヤジロン,baltoy,40,40,55,40,70,55,300,じめん,エスパー,0.5,21.5
344,ネンドール,ネンドル,claydol,60,70,105,70,120,75,500,じめん,エスパー,1.5,108.0
345,リリーラ,リリラ,lileep,66,41,77,61,87,23,355,いわ,くさ,1,23.8
346,ユレイドル,ユレイドル,cradily,86,81,97,81,107,43,495,いわ,くさ,1.5,60.4
347,アノプス,アノプス,anorith,45,95,50,40,50,75,355,いわ,むし,0.7,12.5
348,アーマルド,アマルド,armaldo,75,125,100,70,80,45,495,いわ,むし,1.5,68.2
349,ヒンバス,ヒンバス,feebas,20,15,20,10,55,80,200,みず,,0.6,7.4
350,ミロカロス,ミロカロス,milotic,95,60,79,100,125,81,540,みず,,6.2,162.0
351,ポワルン,ポワルン,castform,70,70,70,70,70,70,420,ノーマル,,0.3,0.8
352,カクレオン,カクレオン,kecleon,60,90,70,60,120,40,440,ノーマル,,1,22.0
353,カゲボウズ,カゲボウズ,shuppet,44,75,35,63,33,45,295,ゴースト,,0.6,2.3
354,ジュペッタ,ジユペッタ,banette,64,115,65,83,63,65,455,ゴースト,,1.1,12.5
355,ヨマワル,ヨマワル,duskull,20,40,90,30,90,25,295,ゴースト,,0.8,15.0
356,サマヨール,サマヨル,dusclops,40,70,130,60,130,25,455,ゴースト,,1.6,30.6
357,トロピウス,トロピウス,tropius,99,68,83,72,87,51,460,くさ,ひこう,2,100.0
358,チリーン,チリン,chimecho,75,50,80,95,90,65,455,エスパー,,0.6,1.0
359,アブソル,アブソル,absol,65,130,60,75,60,75,465,あく,,1.2,47.0
360,ソーナノ,ソナノ,wynaut,95,23,48,23,48,23,260,エスパー,,0.6,14.0
361,ユキワラシ,ユキワラシ,snorunt,50,50,50,50,50,50,300,こおり,,0.7,16.8
362,オニゴーリ,オニゴリ,glalie,80,80,80,80,80,80,480,こおり,,1.5,256.5
363,タマザラシ,タマザラシ,spheal,70,40,50,55,50,25,290,こおり,みず,0.8,39.5
364,トドグラー,トドグラ,sealeo,90,60,70,75,70,45,410,こおり,みず,1.1,87.6
365,トドゼルガ,トドゼルガ,walrein,110,80,90,95,90,65,530,こおり,みず,1.4,150.6
366,パールル,パルル,clamperl,35,64,85,74,55,32,345,みず,,0.4,52.5
367,ハンテール,ハンテル,huntail,55,104,105,94,75,52,485,みず,,1.7,27.0
368,サクラビス,サクラビス,gorebyss,55,84,105,114,75,52,485,みず,,1.8,22.6
369,ジーランス,ジランス,relicanth,100,90,130,45,65,55,485,みず,いわ,1,23.4
370,ラブカス,ラブカス,luvdisc,43,30,55,40,65,97,330,みず,,0.6,8.7
371,タツベイ,タツベイ,bagon,45,75,60,40,30,50,300,ドラゴン,,0.6,42.1
372,コモルー,コモル,shelgon,65,95,100,60,50,50,420,ドラゴン,,1.1,110.5
373,ボーマンダ,ボマンダ,salamence,95,135,80,110,80,100,600,ドラゴン,ひこう,1.5,102.6
374,ダンバル,ダンバル,beldum,40,55,80,35,60,30,300,はがね,エスパー,0.6,95.2
375,メタング,メタング,metang,60,75,100,55,80,50,420,はがね,エスパー,1.2,202.5
376,メタグロス,メタグロス,metagross,80,135,130,95,90,70,600,はがね,エスパー,1.6,550.0
377,レジロック,レジロック,regirock,80,100,200,50,100,50,580,いわ,,1.7,230.0
378,レジアイス,レジアイス,regice,80,50,100,100,200,50,580,こおり,,1.8,175.0
379,レジスチル,レジスチル,registeel,80,75,150,75,150,50,580,はがね,,1.9,205.0
380,ラティアス,ラテイアス,latias,80,80,90,110,130,110,600,ドラゴン,エスパー,1.4,40.0
381,ラティオス,ラテイオス,latios,80,90,80,130,110,110,600,ドラゴン,エスパー,2,60.0
382,カイオーガ,カイオガ,kyogre,100,100,90,150,140,90,670,みず,,4.5,352.0
383,グラードン,グラドン,groudon,100,150,140,100,90,90,670,じめん,,3.5,950.0
384,レックウザ,レックウザ,rayquaza,105,150,90,150,90,95,680,ドラゴン,ひこう,7,206.5
385,ジラーチ,ジラチ,jirachi,100,100,100,100,100,100,600,はがね,エスパー,0.3,1.1
386,デオキシス,デオキシス,deoxys,50,150,50,150,50,150,600,エスパー,,1.7,60.8
387,ナエトル,ナエトル,turtwig,55,68,64,45,55,31,318,くさ,,0.4,10.2
388,ハヤシガメ,ハヤシガメ,grotle,75,89,85,55,65,36,405,くさ,,1.1,97.0
389,ドダイトス,ドダイトス,torterra,95,109,105,75,85,56,525,くさ,じめん,2.2,310.0
390,ヒコザル,ヒコザル,chimchar,44,58,44,58,44,61,309,ほのお,,0.5,6.2
391,モウカザル,モウカザル,monferno,64,78,52,78,52,81,405,ほのお,かくとう,0.9,22.0
392,ゴウカザル,ゴウカザル,infernape,76,104,71,104,71,108,534,ほのお,かくとう,1.2,55.0
393,ポッチャマ,ポッチヤマ,piplup,53,51,53,61,56,40,314,みず,,0.4,5.2
394,ポッタイシ,ポッタイシ,prinplup,64,66,68,81,76,50,405,みず,,0.8,23.0
395,エンペルト,エンペルト,empoleon,84,86,88,111,101,60,530,みず,はがね,1.7,84.5
396,ムックル,ムックル,starly,40,55,30,30,30,60,245,ノーマル,ひこう,0.3,2.0
397,ムクバード,ムクバド,staravia,55,75,50,40,40,80,340,ノーマル,ひこう,0.6,15.5
398,ムクホーク,ムクホク,staraptor,85,120,70,50,60,100,485,ノーマル,ひこう,1.2,24.9
399,ビッパ,ビッパ,bidoof,59,45,40,35,40,31,250,ノーマル,,0.5,20.0
400,ビーダル,ビダル,bibarel,79,85,60,55,60,71,410,ノーマル,みず,1,31.5
401,コロボーシ,コロボシ,kricketot,37,25,41,25,41,25,194,むし,,0.3,2.2
402,コロトック,コロトック,kricketune,77,85,51,55,51,65,384,むし,,1,25.5
403,コリンク,コリンク,shinx,45,65,34,40,34,45,263,でんき,,0.5,9.5
404,ルクシオ,ルクシオ,luxio,60,85,49,60,49,60,363,でんき,,0.9,30.5
405,レントラー,レントラ,luxray,80,120,79,95,79,70,523,でんき,,1.4,42.0
406,スボミー,スボミ,budew,40,30,35,50,70,55,280,くさ,どく,0.2,1.2
407,ロズレイド,ロズレイド,roserade,60,70,65,125,105,90,515,くさ,どく,0.9,14.5
408,ズガイドス,ズガイドス,cranidos,67,125,40,30,30,58,350,いわ,,0.9,31.5
409,ラムパルド,ラムパルド,rampardos,97,165,60,65,50,58,495,いわ,,1.6,102.5
410,タテトプス,タテトプス,shieldon,30,42,118,42,88,30,350,いわ,はがね,0.5,57.0
411,トリデプス,トリデプス,bastiodon,60,52,168,47,138,30,495,いわ,はがね,1.3,149.5
412,ミノムッチ,ミノムッチ,burmy,40,29,45,29,45,36,224,むし,,0.2,3.4
413,ミノマダム,ミノマダム,wormadam,60,59,85,79,105,36,424,むし,くさ,0.5,6.5
414,ガーメイル,ガメイル,mothim,70,94,50,94,50,66,424,むし,ひこう,0.9,23.3
415,ミツハニー,ミツハニ,combee,30,30,42,30,42,70,244,むし,ひこう,0.3,5.5
416,ビークイン,ビクイン,vespiquen,70,80,102,80,102,40,474,むし,ひこう,1.2,38.5
417,パチリス,パチリス,pachirisu,60,45,70,45,90,95,405,でんき,,0.4,3.9
418,ブイゼル,ブイゼル,buizel,55,65,35,60,30,85,330,みず,,0.7,29.5
419,フローゼル,フロゼル,floatzel,85,105,55,85,50,115,495,みず,,1.1,33.5
420,チェリンボ,チエリンボ,cherubi,45,35,45,62,53,35,275,くさ,,0.4,3.3
421,チェリム,チエリム,cherrim,70,60,70,87,78,85,450,くさ,,0.5,9.3
422,カラナクシ,カラナクシ,shellos,76,48,48,57,62,34,325,みず,,0.3,6.3
423,トリトドン,トリトドン,gastrodon,111,83,68,92,82,39,475,みず,じめん,0.9,29.9
424,エテボース,エテボス,ambipom,75,100,66,60,66,115,482,ノーマル,,1.2,20.3
425,フワンテ,フワンテ,drifloon,90,50,34,60,44,70,348,ゴースト,ひこう,0.4,1.2
426,フワライド,フワライド,drifblim,150,80,44,90,54,80,498,ゴースト,ひこう,1.2,15.0
427,ミミロル,ミミロル,buneary,55,66,44,44,56,85,350,ノーマル,,0.4,5.5
428,ミミロップ,ミミロップ,lopunny,65,76,84,54,96,105,480,ノーマル,,1.2,33.3
429,ムウマージ,ムウマジ,mismagius,60,60,60,105,105,105,495,ゴースト,,0.9,4.4
430,ドンカラス,ドンカラス,honchkrow,100,125,52,105,52,71,505,あく,ひこう,0.9,27.3
431,ニャルマー,ニヤルマ,glameow,49,55,42,42,37,85,310,ノーマル,,0.5,3.9
432,ブニャット,ブニヤット,purugly,71,82,64,64,59,112,452,ノーマル,,1,43.8
433,リーシャン,リシヤン,chingling,45,30,50,65,50,45,285,エスパー,,0.2,0.6
434,スカンプー,スカンプ,stunky,63,63,47,41,41,74,329,どく,あく,0.4,19.2
435,スカタンク,スカタンク,skuntank,103,93,67,71,61,84,479,どく,あく,1,38.0
436,ドーミラー,ドミラ,bronzor,57,24,86,24,86,23,300,はがね,エスパー,0.5,60.5
437,ドータクン,ドタクン,bronzong,67,89,116,79,116,33,500,はがね,エスパー,1.3,187.0
438,ウソハチ,ウソハチ,bonsly,50,80,95,10,45,10,290,いわ,,0.5,15.0
439,マネネ,マネネ,mime.,20,25,45,70,90,60,310,エスパー,フェアリー,0.6,13.0
440,ピンプク,ピンプク,happiny,100,5,5,15,65,30,220,ノーマル,,0.6,24.4
441,ペラップ,ペラップ,chatot,76,65,45,92,42,91,411,ノーマル,ひこう,0.5,1.9
442,ミカルゲ,ミカルゲ,spiritomb,50,92,108,92,108,35,485,ゴースト,あく,1,108.0
443,フカマル,フカマル,gible,58,70,45,40,45,42,300,ドラゴン,じめん,0.7,20.5
444,ガバイト,ガバイト,gabite,68,90,65,50,55,82,410,ドラゴン,じめん,1.4,56.0
445,ガブリアス,ガブリアス,garchomp,108,130,95,80,85,102,600,ドラゴン,じめん,1.9,95.0
446,ゴンベ,ゴンベ,munchlax,135,85,40,40,85,5,390,ノーマル,,0.6,105.0
447,リオル,リオル,riolu,40,70,40,35,40,60,285,かくとう,,0.7,20.2
448,ルカリオ,ルカリオ,lucario,70,110,70,115,70,90,525,かくとう,はがね,1.2,54.0
449,ヒポポタス,ヒポポタス,hippopotas,68,72,78,38,42,32,330,じめん,,0.8,49.5
450,カバルドン,カバルドン,hippowdon,108,112,118,68,72,47,525,じめん,,2,300.0
451,スコルピ,スコルピ,skorupi,40,50,90,30,55,65,330,どく,むし,0.8,12.0
452,ドラピオン,ドラピオン,drapion,70,90,110,60,75,95,500,どく,あく,1.3,61.5
453,グレッグル,グレッグル,croagunk,48,61,40,61,40,50,300,どく,かくとう,0.7,23.0
454,ドクロッグ,ドクロッグ,toxicroak,83,106,65,86,65,85,490,どく,かくとう,1.3,44.4
455,マスキッパ,マスキッパ,carnivine,74,100,72,90,72,46,454,くさ,,1.4,27.0
456,ケイコウオ,ケイコウオ,finneon,49,49,56,49,61,66,330,みず,,0.4,7.0
457,ネオラント,ネオラント,lumineon,69,69,76,69,86,91,460,みず,,1.2,24.0
458,タマンタ,タマンタ,mantyke,45,20,50,60,120,50,345,みず,ひこう,1,65.0
459,ユキカブリ,ユキカブリ,snover,60,62,50,62,60,40,334,くさ,こおり,1,50.5
460,ユキノオー,ユキノオ,abomasnow,90,92,75,92,85,60,494,くさ,こおり,2.2,135.5
461,マニューラ,マニユラ,weavile,70,120,65,45,85,125,510,あく,こおり,1.1,34.0
462,ジバコイル,ジバコイル,magnezone,70,70,115,130,90,60,535,でんき,はがね,1.2,180.0
463,ベロベルト,ベロベルト,lickilicky,110,85,95,80,95,50,515,ノーマル,,1.7,140.0
464,ドサイドン,ドサイドン,rhyperior,115,140,130,55,55,40,535,じめん,いわ,2.4,282.8
465,モジャンボ,モジヤンボ,tangrowth,100,100,125,110,50,50,535,くさ,,2,128.6
466,エレキブル,エレキブル,electivire,75,123,67,95,85,95,540,でんき,,1.8,138.6
467,ブーバーン,ブバン,magmortar,75,95,67,125,95,83,540,ほのお,,1.6,68.0
468,トゲキッス,トゲキッス,togekiss,85,50,95,120,115,80,545,フェアリー,ひこう,1.5,38.0
469,メガヤンマ,メガヤンマ,yanmega,86,76,86,116,56,95,515,むし,ひこう,1.9,51.5
470,リーフィア,リフイア,leafeon,65,110,130,60,65,95,525,くさ,,1,25.5
471,グレイシア,グレイシア,glaceon,65,60,110,130,95,65,525,こおり,,0.8,25.9
472,グライオン,グライオン,gliscor,75,95,125,45,75,95,510,じめん,ひこう,2,42.5
473,マンムー,マンム,mamoswine,110,130,80,70,60,80,530,こおり,じめん,2.5,291.0
474,ポリゴンｚ,ポリゴンｚ,porygon-z,85,80,70,135,75,90,535,ノーマル,,0.9,34.0
475,エルレイド,エルレイド,gallade,68,125,65,65,115,80,518,エスパー,かくとう,1.6,52.0
476,ダイノーズ,ダイノズ,probopass,60,55,145,75,150,40,525,いわ,はがね,1.4,340.0
477,ヨノワール,ヨノワル,dusknoir,45,100,135,65,135,45,525,ゴースト,,2.2,106.6
478,ユキメノコ,ユキメノコ,froslass,70,80,70,80,70,110,480,こおり,ゴースト,1.3,26.6
479,ロトム,ロトム,rotom,50,50,77,95,77,91,440,でんき,ゴースト,0.3,0.3
480,ユクシー,ユクシ,uxie,75,75,130,75,130,95,580,エスパー,,0.3,0.3
481,エムリット,エムリット,mesprit,80,105,105,105,105,80,580,エスパー,,0.3,0.3
482,アグノム,アグノム,azelf,75,125,70,125,70,115,580,エスパー,,0.3,0.3
483,ディアルガ,デイアルガ,dialga,100,120,120,150,100,90,680,はがね,ドラゴン,5.4,683.0
484,パルキア,パルキア,palkia,90,120,100,150,120,100,680,みず,ドラゴン,4.2,336.0
485,ヒードラン,ヒドラン,heatran,91,90,106,130,106,77,600,ほのお,はがね,1.7,430.0
486,レジギガス,レジギガス,regigigas,110,160,110,80,110,100,670,ノーマル,,3.7,420.0
487,ギラティナa,ギラテイナa,giratina,150,100,120,100,120,90,680,ゴースト,ドラゴン,4.5,750.0
488,クレセリア,クレセリア,cresselia,120,70,120,75,130,85,600,エスパー,,1.5,85.6
489,フィオネ,フイオネ,phione,80,80,80,80,80,80,480,みず,,0.4,3.1
490,マナフィ,マナフイ,manaphy,100,100,100,100,100,100,600,みず,,0.3,1.4
491,ダークライ,ダクライ,darkrai,70,90,90,135,90,125,600,あく,,1.5,50.5
492,シェイミ,シエイミ,shaymin,100,100,100,100,100,100,600,くさ,,0.2,2.1
493,アルセウス,アルセウス,arceus,120,120,120,120,120,120,720,ノーマル,,3.2,320.0
494,ビクティニ,ビクテイニ,victini,100,100,100,100,100,100,600,エスパー,ほのお,0.4,4.0
495,ツタージャ,ツタジヤ,snivy,45,45,55,45,55,63,308,くさ,,0.6,8.1
496,ジャノビー,ジヤノビ,servine,60,60,75,60,75,83,413,くさ,,0.8,16.0
497,ジャローダ,ジヤロダ,serperior,75,75,95,75,95,113,528,くさ,,3.3,63.0
498,ポカブ,ポカブ,tepig,65,63,45,45,45,45,308,ほのお,,0.5,9.9
499,チャオブー,チヤオブ,pignite,90,93,55,70,55,55,418,ほのお,かくとう,1,55.5
500,エンブオー,エンブオ,emboar,110,123,65,100,65,65,528,ほのお,かくとう,1.6,150.0
501,ミジュマル,ミジユマル,oshawott,55,55,45,63,45,45,308,みず,,0.5,5.9
502,フタチマル,フタチマル,dewott,75,75,60,83,60,60,413,みず,,0.8,24.5
503,ダイケンキ,ダイケンキ,samurott,95,100,85,108,70,70,528,みず,,1.5,94.6
504,ミネズミ,ミネズミ,patrat,45,55,39,35,39,42,255,ノーマル,,0.5,11.6
505,ミルホッグ,ミルホッグ,watchog,60,85,69,60,69,77,420,ノーマル,,1.1,27.0
506,ヨーテリー,ヨテリ,lillipup,45,60,45,25,45,55,275,ノーマル,,0.4,4.1
507,ハーデリア,ハデリア,herdier,65,80,65,35,65,60,370,ノーマル,,0.9,14.7
508,ムーランド,ムランド,stoutland,85,110,90,45,90,80,500,ノーマル,,1.2,61.0
509,チョロネコ,チヨロネコ,purrloin,41,50,37,50,37,66,281,あく,,0.4,10.1
510,レパルダス,レパルダス,liepard,64,88,50,88,50,106,446,あく,,1.1,37.5
511,ヤナップ,ヤナップ,pansage,50,53,48,53,48,64,316,くさ,,0.6,10.5
512,ヤナッキー,ヤナッキ,simisage,75,98,63,98,63,101,498,くさ,,1.1,30.5
513,バオップ,バオップ,pansear,50,53,48,53,48,64,316,ほのお,,0.6,11.0
514,バオッキー,バオッキ,simisear,75,98,63,98,63,101,498,ほのお,,1,28.0
515,ヒヤップ,ヒヤップ,panpour,50,53,48,53,48,64,316,みず,,0.6,13.5
516,ヒヤッキー,ヒヤッキ,simipour,75,98,63,98,63,101,498,みず,,1,29.0
517,ムンナ,ムンナ,munna,76,25,45,67,55,24,292,エスパー,,0.6,23.3
518,ムシャーナ,ムシヤナ,musharna,116,55,85,107,95,29,487,エスパー,,1.1,60.5
519,マメパト,マメパト,pidove,50,55,50,36,30,43,264,ノーマル,ひこう,0.3,2.1
520,ハトーボー,ハトボ,tranquill,62,77,62,50,42,65,358,ノーマル,ひこう,0.6,15.0
521,ケンホロウ,ケンホロウ,unfezant,80,115,80,65,55,93,488,ノーマル,ひこう,1.2,29.0
522,シママ,シママ,blitzle,45,60,32,50,32,76,295,でんき,,0.8,29.8
523,ゼブライカ,ゼブライカ,zebstrika,75,100,63,80,63,116,497,でんき,,1.6,79.5
524,ダンゴロ,ダンゴロ,roggenrola,55,75,85,25,25,15,280,いわ,,0.4,18.0
525,ガントル,ガントル,boldore,70,105,105,50,40,20,390,いわ,,0.9,102.0
526,ギガイアス,ギガイアス,gigalith,85,135,130,60,80,25,515,いわ,,1.7,260.0
527,コロモリ,コロモリ,woobat,65,45,43,55,43,72,323,エスパー,ひこう,0.4,2.1
528,ココロモリ,ココロモリ,swoobat,67,57,55,77,55,114,425,エスパー,ひこう,0.9,10.5
529,モグリュー,モグリユ,drilbur,60,85,40,30,45,68,328,じめん,,0.3,8.5
530,ドリュウズ,ドリユウズ,excadrill,110,135,60,50,65,88,508,じめん,はがね,0.7,40.4
531,タブンネ,タブンネ,audino,103,60,86,60,86,50,445,ノーマル,,1.1,31.0
532,ドッコラー,ドッコラ,timburr,75,80,55,25,35,35,305,かくとう,,0.6,12.5
533,ドテッコツ,ドテッコツ,gurdurr,85,105,85,40,50,40,405,かくとう,,1.2,40.0
534,ローブシン,ロブシン,conkeldurr,105,140,95,55,65,45,505,かくとう,,1.4,87.0
535,オタマロ,オタマロ,tympole,50,50,40,50,40,64,294,みず,,0.5,4.5
536,ガマガル,ガマガル,palpitoad,75,65,55,65,55,69,384,みず,じめん,0.8,17.0
537,ガマゲロゲ,ガマゲロゲ,seismitoad,105,95,75,85,75,74,509,みず,じめん,1.5,62.0
538,ナゲキ,ナゲキ,throh,120,100,85,30,85,45,465,かくとう,,1.3,55.5
539,ダゲキ,ダゲキ,sawk,75,125,75,30,75,85,465,かくとう,,1.4,51.0
540,クルミル,クルミル,sewaddle,45,53,70,40,60,42,310,むし,くさ,0.3,2.5
541,クルマユ,クルマユ,swadloon,55,63,90,50,80,42,380,むし,くさ,0.5,7.3
542,ハハコモリ,ハハコモリ,leavanny,75,103,80,70,80,92,500,むし,くさ,1.2,20.5
543,フシデ,フシデ,venipede,30,45,59,30,39,57,260,むし,どく,0.4,5.3
544,ホイーガ,ホイガ,whirlipede,40,55,99,40,79,47,360,むし,どく,1.2,58.5
545,ペンドラー,ペンドラ,scolipede,60,100,89,55,69,112,485,むし,どく,2.5,200.5
546,モンメン,モンメン,cottonee,40,27,60,37,50,66,280,くさ,フェアリー,0.3,0.6
547,エルフーン,エルフン,whimsicott,60,67,85,77,75,116,480,くさ,フェアリー,0.7,6.6
548,チュリネ,チユリネ,petilil,45,35,50,70,50,30,280,くさ,,0.5,6.6
549,ドレディア,ドレデイア,lilligant,70,60,75,110,75,90,480,くさ,,1.1,16.3
550,バスラオ,バスラオ,basculin,70,92,65,80,55,98,460,みず,,1,18.0
551,メグロコ,メグロコ,sandile,50,72,35,35,35,65,292,じめん,あく,0.7,15.2
552,ワルビル,ワルビル,krokorok,60,82,45,45,45,74,351,じめん,あく,1,33.4
553,ワルビアル,ワルビアル,krookodile,95,117,80,65,70,92,519,じめん,あく,1.5,96.3
554,ダルマッカ,ダルマッカ,darumaka,70,90,45,15,45,50,315,ほのお,,0.6,37.5
555,ヒヒダルマ,ヒヒダルマ,darmanitan,105,140,55,30,55,95,480,ほのお,,1.3,92.9
556,マラカッチ,マラカッチ,maractus,75,86,67,106,67,60,461,くさ,,1,28.0
557,イシズマイ,イシズマイ,dwebble,50,65,85,35,35,55,325,むし,いわ,0.3,14.5
558,イワパレス,イワパレス,crustle,70,105,125,65,75,45,485,むし,いわ,1.4,200.0
559,ズルッグ,ズルッグ,scraggy,50,75,70,35,70,48,348,あく,かくとう,0.6,11.8
560,ズルズキン,ズルズキン,scrafty,65,90,115,45,115,58,488,あく,かくとう,1.1,30.0
561,シンボラー,シンボラ,sigilyph,72,58,80,103,80,97,490,エスパー,ひこう,1.4,14.0
562,デスマス,デスマス,yamask,38,30,85,55,65,30,303,ゴースト,,0.5,1.5
563,デスカーン,デスカン,cofagrigus,58,50,145,95,105,30,483,ゴースト,,1.7,76.5
564,プロトーガ,プロトガ,tirtouga,54,78,103,53,45,22,355,みず,いわ,0.7,16.5
565,アバゴーラ,アバゴラ,carracosta,74,108,133,83,65,32,495,みず,いわ,1.2,81.0
566,アーケン,アケン,archen,55,112,45,74,45,70,401,いわ,ひこう,0.5,9.5
567,アーケオス,アケオス,archeops,75,140,65,112,65,110,567,いわ,ひこう,1.4,32.0
568,ヤブクロン,ヤブクロン,trubbish,50,50,62,40,62,65,329,どく,,0.6,31.0
569,ダストダス,ダストダス,garbodor,80,95,82,60,82,75,474,どく,,1.9,107.3
570,ゾロア,ゾロア,zorua,40,65,40,80,40,65,330,あく,,0.7,12.5
571,ゾロアーク,ゾロアク,zoroark,60,105,60,120,60,105,510,あく,,1.6,81.1
572,チラーミィ,チラミイ,minccino,55,50,40,40,40,75,300,ノーマル,,0.4,5.8
573,チラチーノ,チラチノ,cinccino,75,95,60,65,60,115,470,ノーマル,,0.5,7.5
574,ゴチム,ゴチム,gothita,45,30,50,55,65,45,290,エスパー,,0.4,5.8
575,ゴチミル,ゴチミル,gothorita,60,45,70,75,85,55,390,エスパー,,0.7,18.0
576,ゴチルゼル,ゴチルゼル,gothitelle,70,55,95,95,110,65,490,エスパー,,1.5,44.0
577,ユニラン,ユニラン,solosis,45,30,40,105,50,20,290,エスパー,,0.3,1.0
578,ダブラン,ダブラン,duosion,65,40,50,125,60,30,370,エスパー,,0.6,8.0
579,ランクルス,ランクルス,reuniclus,110,65,75,125,85,30,490,エスパー,,1,20.1
580,コアルヒー,コアルヒ,ducklett,62,44,50,44,50,55,305,みず,ひこう,0.5,5.5
581,スワンナ,スワンナ,swanna,75,87,63,87,63,98,473,みず,ひこう,1.3,24.2
582,バニプッチ,バニプッチ,vanillite,36,50,50,65,60,44,305,こおり,,0.4,5.7
583,バニリッチ,バニリッチ,vanillish,51,65,65,80,75,59,395,こおり,,1.1,41.0
584,バイバニラ,バイバニラ,vanilluxe,71,95,85,110,95,79,535,こおり,,1.3,57.5
585,シキジカ,シキジカ,deerling,60,60,50,40,50,75,335,ノーマル,くさ,0.6,19.5
586,メブキジカ,メブキジカ,sawsbuck,80,100,70,60,70,95,475,ノーマル,くさ,1.9,92.5
587,エモンガ,エモンガ,emolga,55,75,60,75,60,103,428,でんき,ひこう,0.4,5.0
588,カブルモ,カブルモ,karrablast,50,75,45,40,45,60,315,むし,,0.5,5.9
589,シュバルゴ,シユバルゴ,escavalier,70,135,105,60,105,20,495,むし,はがね,1,33.0
590,タマゲタケ,タマゲタケ,foongus,69,55,45,55,55,15,294,くさ,どく,0.2,1.0
591,モロバレル,モロバレル,amoonguss,114,85,70,85,80,30,464,くさ,どく,0.6,10.5
592,プルリル,プルリル,frillish,55,40,50,65,85,40,335,みず,ゴースト,1.2,33.0
593,ブルンゲル,ブルンゲル,jellicent,100,60,70,85,105,60,480,みず,ゴースト,2.2,135.0
594,ママンボウ,ママンボウ,alomomola,165,75,80,40,45,65,470,みず,,1.2,31.6
595,バチュル,バチユル,joltik,50,47,50,57,50,65,319,むし,でんき,0.1,0.6
596,デンチュラ,デンチユラ,galvantula,70,77,60,97,60,108,472,むし,でんき,0.8,14.3
597,テッシード,テッシド,ferroseed,44,50,91,24,86,10,305,くさ,はがね,0.6,18.8
598,ナットレイ,ナットレイ,ferrothorn,74,94,131,54,116,20,489,くさ,はがね,1,110.0
599,ギアル,ギアル,klink,40,55,70,45,60,30,300,はがね,,0.3,21.0
600,ギギアル,ギギアル,klang,60,80,95,70,85,50,440,はがね,,0.6,51.0
601,ギギギアル,ギギギアル,klinklang,60,100,115,70,85,90,520,はがね,,0.6,81.0
602,シビシラス,シビシラス,tynamo,35,55,40,45,40,60,275,でんき,,0.2,0.3
603,シビビール,シビビル,eelektrik,65,85,70,75,70,40,405,でんき,,1.2,22.0
604,シビルドン,シビルドン,eelektross,85,115,80,105,80,50,515,でんき,,2.1,80.5
605,リグレー,リグレ,elgyem,55,55,55,85,55,30,335,エスパー,,0.5,9.0
606,オーベム,オベム,beheeyem,75,75,75,125,95,40,485,エスパー,,1,34.5
607,ヒトモシ,ヒトモシ,litwick,50,30,55,65,55,20,275,ゴースト,ほのお,0.3,3.1
608,ランプラー,ランプラ,lampent,60,40,60,95,60,55,370,ゴースト,ほのお,0.6,13.0
609,シャンデラ,シヤンデラ,chandelure,60,55,90,145,90,80,520,ゴースト,ほのお,1,34.3
610,キバゴ,キバゴ,axew,46,87,60,30,40,57,320,ドラゴン,,0.6,18.0
611,オノンド,オノンド,fraxure,66,117,70,40,50,67,410,ドラゴン,,1,36.0
612,オノノクス,オノノクス,haxorus,76,147,90,60,70,97,540,ドラゴン,,1.8,105.5
613,クマシュン,クマシユン,cubchoo,55,70,40,60,40,40,305,こおり,,0.5,8.5
614,ツンベアー,ツンベア,beartic,95,130,80,70,80,50,505,こおり,,2.6,260.0
615,フリージオ,フリジオ,cryogonal,80,50,50,95,135,105,515,こおり,,1.1,148.0
616,チョボマキ,チヨボマキ,shelmet,50,40,85,40,65,25,305,むし,,0.4,7.7
617,アギルダー,アギルダ,accelgor,80,70,40,100,60,145,495,むし,,0.8,25.3
618,マッギョ,マッギヨ,stunfisk,109,66,84,81,99,32,471,じめん,でんき,0.7,11.0
619,コジョフー,コジヨフ,mienfoo,45,85,50,55,50,65,350,かくとう,,0.9,20.0
620,コジョンド,コジヨンド,mienshao,65,125,60,95,60,105,510,かくとう,,1.4,35.5
621,クリムガン,クリムガン,druddigon,77,120,90,60,90,48,485,ドラゴン,,1.6,139.0
622,ゴビット,ゴビット,golett,59,74,50,35,50,35,303,じめん,ゴースト,1,92.0
623,ゴルーグ,ゴルグ,golurk,89,124,80,55,80,55,483,じめん,ゴースト,2.8,330.0
624,コマタナ,コマタナ,pawniard,45,85,70,40,40,60,340,あく,はがね,0.5,10.2
625,キリキザン,キリキザン,bisharp,65,125,100,60,70,70,490,あく,はがね,1.6,70.0
626,バッフロン,バッフロン,bouffalant,95,110,95,40,95,55,490,ノーマル,,1.6,94.6
627,ワシボン,ワシボン,rufflet,70,83,50,37,50,60,350,ノーマル,ひこう,0.5,10.5
628,ウォーグル,ウオグル,braviary,100,123,75,57,75,80,510,ノーマル,ひこう,1.5,41.0
629,バルチャイ,バルチヤイ,vullaby,70,55,75,45,65,60,370,あく,ひこう,0.5,9.0
630,バルジーナ,バルジナ,mandibuzz,110,65,105,55,95,80,510,あく,ひこう,1.2,39.5
631,クイタラン,クイタラン,heatmor,85,97,66,105,66,65,484,ほのお,,1.4,58.0
632,アイアント,アイアント,durant,58,109,112,48,48,109,484,むし,はがね,0.3,33.0
633,モノズ,モノズ,deino,52,65,50,45,50,38,300,あく,ドラゴン,0.8,17.3
634,ジヘッド,ジヘッド,zweilous,72,85,70,65,70,58,420,あく,ドラゴン,1.4,50.0
635,サザンドラ,サザンドラ,hydreigon,92,105,90,125,90,98,600,あく,ドラゴン,1.8,160.0
636,メラルバ,メラルバ,larvesta,55,85,55,50,55,60,360,むし,ほのお,1.1,28.8
637,ウルガモス,ウルガモス,volcarona,85,60,65,135,105,100,550,むし,ほのお,1.6,46.0
638,コバルオン,コバルオン,cobalion,91,90,129,90,72,108,580,はがね,かくとう,2.1,250.0
639,テラキオン,テラキオン,terrakion,91,129,90,72,90,108,580,いわ,かくとう,1.9,260.0
640,ビリジオン,ビリジオン,virizion,91,90,72,90,129,108,580,くさ,かくとう,2,200.0
641,トルネロス,トルネロス,tornadus,79,115,70,125,80,111,580,ひこう,,1.5,63.0
642,ボルトロス,ボルトロス,thundurus,79,115,70,125,80,111,580,でんき,ひこう,1.5,61.0
643,レシラム,レシラム,reshiram,100,120,100,150,120,90,680,ドラゴン,ほのお,3.2,330.0
644,ゼクロム,ゼクロム,zekrom,100,150,120,120,100,90,680,ドラゴン,でんき,2.9,345.0
645,ランドロス,ランドロス,landorus,89,125,90,115,80,101,600,じめん,ひこう,1.5,68.0
646,キュレム,キユレム,kyurem,125,130,90,130,90,95,660,ドラゴン,こおり,3,325.0
647,ケルディオ,ケルデイオ,keldeo,91,72,90,129,90,108,580,みず,かくとう,1.4,48.5
648,メロエッタ,メロエッタ,meloetta,100,77,77,128,128,90,600,ノーマル,エスパー,0.6,6.5
649,ゲノセクト,ゲノセクト,genesect,71,120,95,120,95,99,600,むし,はがね,1.5,82.5
650,ハリマロン,ハリマロン,chespin,56,61,65,48,45,38,313,くさ,,0.4,9.0
651,ハリボーグ,ハリボグ,quilladin,61,78,95,56,58,57,405,くさ,,0.7,29.0
652,ブリガロン,ブリガロン,chesnaught,88,107,122,74,75,64,530,くさ,かくとう,1.6,90.0
653,フォッコ,フオッコ,fennekin,40,45,40,62,60,60,307,ほのお,,0.4,9.4
654,テールナー,テルナ,braixen,59,59,58,90,70,73,409,ほのお,,1,14.5
655,マフォクシー,マフオクシ,delphox,75,69,72,114,100,104,534,ほのお,エスパー,1.5,39.0
656,ケロマツ,ケロマツ,froakie,41,56,40,62,44,71,314,みず,,0.3,7.0
657,ゲコガシラ,ゲコガシラ,frogadier,54,63,52,83,56,97,405,みず,,0.6,10.9
658,ゲッコウガ,ゲッコウガ,greninja,72,95,67,103,71,122,530,みず,あく,1.5,40.0
659,ホルビー,ホルビ,bunnelby,38,36,38,32,36,57,237,ノーマル,,0.4,5.0
660,ホルード,ホルド,diggersby,85,56,77,50,77,78,423,ノーマル,じめん,1,42.4
661,ヤヤコマ,ヤヤコマ,fletchling,45,50,43,40,38,62,278,ノーマル,ひこう,0.3,1.7
662,ヒノヤコマ,ヒノヤコマ,fletchinder,62,73,55,56,52,84,382,ほのお,ひこう,0.7,16.0
663,ファイアロー,フアイアロ,talonflame,78,81,71,74,69,126,499,ほのお,ひこう,1.2,24.5
664,コフキムシ,コフキムシ,scatterbug,38,35,40,27,25,35,200,むし,,0.3,2.5
665,コフーライ,コフライ,spewpa,45,22,60,27,30,29,213,むし,,0.3,8.4
666,ビビヨン,ビビヨン,vivillon,80,52,50,90,50,89,411,むし,ひこう,1.2,17.0
667,シシコ,シシコ,litleo,62,50,58,73,54,72,369,ほのお,ノーマル,0.6,13.5
668,カエンジシ,カエンジシ,pyroar,86,68,72,109,66,106,507,ほのお,ノーマル,1.5,81.5
669,フラベベ,フラベベ,flabebe,44,38,39,61,79,42,303,フェアリー,,0.1,0.1
670,フラエッテ,フラエッテ,floette,54,45,47,75,98,52,371,フェアリー,,0.2,0.9
671,フラージェス,フラジエス,florges,78,65,68,112,154,75,552,フェアリー,,1.1,10.0
672,メェークル,メエクル,skiddo,66,65,48,62,57,52,350,くさ,,0.9,31.0
673,ゴーゴート,ゴゴト,gogoat,123,100,62,97,81,68,531,くさ,,1.7,91.0
674,ヤンチャム,ヤンチヤム,pancham,67,82,62,46,48,43,348,かくとう,,0.6,8.0
675,ゴロンダ,ゴロンダ,pangoro,95,124,78,69,71,58,495,かくとう,あく,2.1,136.0
676,トリミアン,トリミアン,furfrou,75,80,60,65,90,102,472,ノーマル,,1.2,28.0
677,ニャスパー,ニヤスパ,espurr,62,48,54,63,60,68,355,エスパー,,0.3,3.5
678,ニャオニクス,ニヤオニクス,meowstic,74,48,76,83,81,104,466,エスパー,,0.6,8.5
679,ヒトツキ,ヒトツキ,honedge,45,80,100,35,37,28,325,はがね,ゴースト,0.8,2.0
680,ニダンギル,ニダンギル,doublade,59,110,150,45,49,35,448,はがね,ゴースト,0.8,4.5
681,ギルガルド,ギルガルド,aegislash,60,50,150,50,150,60,520,はがね,ゴースト,1.7,53.0
682,シュシュプ,シユシユプ,spritzee,78,52,60,63,65,23,341,フェアリー,,0.2,0.5
683,フレフワン,フレフワン,aromatisse,101,72,72,99,89,29,462,フェアリー,,0.8,15.5
684,ペロッパフ,ペロッパフ,swirlix,62,48,66,59,57,49,341,フェアリー,,0.4,3.5
685,ペロリーム,ペロリム,slurpuff,82,80,86,85,75,72,480,フェアリー,,0.8,5.0
686,マーイーカ,マイカ,inkay,53,54,53,37,46,45,288,あく,エスパー,0.4,3.5
687,カラマネロ,カラマネロ,malamar,86,92,88,68,75,73,482,あく,エスパー,1.5,47.0
688,カメテテ,カメテテ,binacle,42,52,67,39,56,50,306,いわ,みず,0.5,31.0
689,ガメノデス,ガメノデス,barbaracle,72,105,115,54,86,68,500,いわ,みず,1.3,96.0
690,クズモー,クズモ,skrelp,50,60,60,60,60,30,320,どく,みず,0.5,7.3
691,ドラミドロ,ドラミドロ,dragalge,65,75,90,97,123,44,494,どく,ドラゴン,1.8,81.5
692,ウデッポウ,ウデッポウ,clauncher,50,53,62,58,63,44,330,みず,,0.5,8.3
693,ブロスター,ブロスタ,clawitzer,71,73,88,120,89,59,500,みず,,1.3,35.3
694,エリキテル,エリキテル,helioptile,44,38,33,61,43,70,289,でんき,ノーマル,0.5,6.0
695,エレザード,エレザド,heliolisk,62,55,52,109,94,109,481,でんき,ノーマル,1,21.0
696,チゴラス,チゴラス,tyrunt,58,89,77,45,45,48,362,いわ,ドラゴン,0.8,26.0
697,ガチゴラス,ガチゴラス,tyrantrum,82,121,119,69,59,71,521,いわ,ドラゴン,2.5,270.0
698,アマルス,アマルス,amaura,77,59,50,67,63,46,362,いわ,こおり,1.3,25.2
699,アマルルガ,アマルルガ,aurorus,123,77,72,99,92,58,521,いわ,こおり,2.7,225.0
700,ニンフィア,ニンフイア,sylveon,95,65,65,110,130,60,525,フェアリー,,1,23.5
701,ルチャブル,ルチヤブル,hawlucha,78,92,75,74,63,118,500,かくとう,ひこう,0.8,21.5
702,デデンネ,デデンネ,dedenne,67,58,57,81,67,101,431,でんき,フェアリー,0.2,2.2
703,メレシー,メレシ,carbink,50,50,150,50,150,50,500,いわ,フェアリー,0.3,5.7
704,ヌメラ,ヌメラ,goomy,45,50,35,55,75,40,300,ドラゴン,,0.3,2.8
705,ヌメイル,ヌメイル,sliggoo,68,75,53,83,113,60,452,ドラゴン,,0.8,17.5
706,ヌメルゴン,ヌメルゴン,goodra,90,100,70,110,150,80,600,ドラゴン,,2,150.5
707,クレッフィ,クレッフイ,klefki,57,80,91,80,87,75,470,はがね,フェアリー,0.2,3.0
708,ボクレー,ボクレ,phantump,43,70,48,50,60,38,309,ゴースト,くさ,0.4,7.0
709,オーロット,オロット,trevenant,85,110,76,65,82,56,474,ゴースト,くさ,1.5,71.0
710,バケッチャ,バケッチヤ,pumpkaboo,49,66,70,44,55,51,335,ゴースト,くさ,0.4,5.0
711,パンプジン,パンプジン,gourgeist,65,90,122,58,75,84,494,ゴースト,くさ,0.9,12.5
712,カチコール,カチコル,bergmite,55,69,85,32,35,28,304,こおり,,1,99.5
713,クレベース,クレベス,avalugg,95,117,184,44,46,28,514,こおり,,2,505.0
714,オンバット,オンバット,noibat,40,30,35,45,40,55,245,ひこう,ドラゴン,0.5,8.0
715,オンバーン,オンバン,noivern,85,70,80,97,80,123,535,ひこう,ドラゴン,1.5,85.0
716,ゼルネアス,ゼルネアス,xerneas,126,131,95,131,98,99,680,フェアリー,,3,215.0
717,イベルタル,イベルタル,yveltal,126,131,95,131,98,99,680,あく,ひこう,5.8,203.0
718,ジガルデ,ジガルデ,zygarde,108,100,121,81,95,95,600,ドラゴン,じめん,5,305.0
719,ディアンシー,デイアンシ,diancie,50,100,150,100,150,50,600,いわ,フェアリー,0.7,8.8
720,フーパ,フパ,hoopa,80,110,60,150,130,70,600,エスパー,ゴースト,0.5,9.0
721,ボルケニオン,ボルケニオン,volcanion,80,110,120,130,90,70,600,ほのお,みず,1.7,195.0
722,モクロー,モクロ,rowlet,68,55,55,50,50,42,320,くさ,ひこう,0.3,1.5
723,フクスロー,フクスロ,dartrix,78,75,75,70,70,52,420,くさ,ひこう,0.7,16.0
724,ジュナイパー,ジユナイパ,decidueye,78,107,75,100,100,70,530,くさ,ゴースト,1.6,36.6
725,ニャビー,ニヤビ,litten,45,65,40,60,40,70,320,ほのお,,0.4,4.3
726,ニャヒート,ニヤヒト,torracat,65,85,50,80,50,90,420,ほのお,,0.7,25.0
727,ガオガエン,ガオガエン,incineroar,95,115,90,80,90,60,530,ほのお,あく,1.8,83.0
728,アシマリ,アシマリ,popplio,50,54,54,66,56,40,320,みず,,0.4,7.5
729,オシャマリ,オシヤマリ,brionne,60,69,69,91,81,50,420,みず,,0.6,17.5
730,アシレーヌ,アシレヌ,primarina,80,74,74,126,116,60,530,みず,フェアリー,1.8,44.0
731,ツツケラ,ツツケラ,pikipek,35,75,30,30,30,65,265,ノーマル,ひこう,0.3,1.2
732,ケララッパ,ケララッパ,trumbeak,55,85,50,40,50,75,355,ノーマル,ひこう,0.6,14.8
733,ドデカバシ,ドデカバシ,toucannon,80,120,75,75,75,60,485,ノーマル,ひこう,1.1,26.0
734,ヤングース,ヤングス,yungoos,48,70,30,30,30,45,253,ノーマル,,0.4,6.0
735,デカグース,デカグス,gumshoos,88,110,60,55,60,45,418,ノーマル,,0.7,14.2
736,アゴジムシ,アゴジムシ,grubbin,47,62,45,55,45,46,300,むし,でんき,0.4,4.4
737,デンヂムシ,デンヂムシ,charjabug,57,82,95,55,75,36,400,むし,でんき,0.5,10.5
738,クワガノン,クワガノン,vikavolt,77,70,90,145,75,43,500,むし,でんき,1.5,45.0
739,マケンカニ,マケンカニ,crabrawler,47,82,57,42,47,63,338,かくとう,,0.6,7.0
740,ケケンカニ,ケケンカニ,crabominable,97,132,77,62,67,43,478,かくとう,こおり,1.7,180.0
741,オドリドリ,オドリドリ,oricorio,75,70,70,98,70,93,476,ほのお,ひこう,0.6,3.4
742,アブリー,アブリ,cutiefly,40,45,40,55,40,84,304,むし,フェアリー,0.1,0.2
743,アブリボン,アブリボン,ribombee,60,55,60,95,70,124,464,むし,フェアリー,0.2,0.5
744,イワンコ,イワンコ,rockruff,45,65,40,30,40,60,280,いわ,,0.5,9.2
745,ルガルガン,ルガルガン,lycanroc,75,115,65,55,65,112,487,いわ,,0.8,25.0
746,ヨワシ,ヨワシ,wishiwashi,45,20,20,25,25,40,175,みず,,0.2,0.3
747,ヒドイデ,ヒドイデ,mareanie,50,53,62,43,52,45,305,どく,みず,0.4,8.0
748,ドヒドイデ,ドヒドイデ,toxapex,50,63,152,53,142,35,495,どく,みず,0.7,14.5
749,ドロバンコ,ドロバンコ,mudbray,70,100,70,45,55,45,385,じめん,,1,110.0
750,バンバドロ,バンバドロ,mudsdale,100,125,100,55,85,35,500,じめん,,2.5,920.0
751,シズクモ,シズクモ,dewpider,38,40,52,40,72,27,269,みず,むし,0.3,4.0
752,オニシズクモ,オニシズクモ,araquanid,68,70,92,50,132,42,454,みずむし,,1.8,82.0
753,カリキリ,カリキリ,fomantis,40,55,35,50,35,35,250,くさ,,0.3,1.5
754,ラランテス,ラランテス,lurantis,70,105,90,80,90,45,480,くさ,,0.9,18.5
755,ネマシュ,ネマシユ,morelull,40,35,55,65,75,15,285,くさ,フェアリー,0.2,1.5
756,マシェード,マシエド,shiinotic,60,45,80,90,100,30,405,くさ,フェアリー,1,11.5
757,ヤトウモリ,ヤトウモリ,salandit,48,44,40,71,40,77,320,どく,ほのお,0.6,4.8
758,エンニュート,エンニユト,salazzle,68,64,60,111,60,117,480,どく,ほのお,1.2,22.2
759,ヌイコグマ,ヌイコグマ,stufful,70,75,50,45,50,50,340,ノーマル,かくとう,0.5,6.8
760,キテルグマ,キテルグマ,bewear,120,125,80,55,60,60,500,ノーマル,かくとう,2.1,135.0
761,アマカジ,アマカジ,bounsweet,42,30,38,30,38,32,210,くさ,,0.3,3.2
762,アママイコ,アママイコ,steenee,52,40,48,40,48,62,290,くさ,,0.7,8.2
763,アマージョ,アマジヨ,tsareena,72,120,98,50,98,72,510,くさ,,1.2,21.4
764,キュワワー,キユワワ,comfey,51,52,90,82,110,100,485,フェアリー,,0.1,0.3
765,ヤレユータン,ヤレユタン,oranguru,90,60,80,90,110,60,490,ノーマル,エスパー,1.5,76.0
766,ナゲツケサル,ナゲツケサル,passimian,100,120,90,40,60,80,490,かくとう,,2,82.8
767,コソクムシ,コソクムシ,wimpod,25,35,40,20,30,80,230,むし,みず,0.5,12.0
768,グソクムシャ,グソクムシヤ,golisopod,75,125,140,60,90,40,530,むし,みず,2,108.0
769,スナバァ,スナバア,sandygast,55,55,80,70,45,15,320,ゴースト,じめん,0.5,70.0
770,シロデスナ,シロデスナ,palossand,85,75,110,100,75,35,480,ゴースト,じめん,1.3,250.0
771,ナマコブシ,ナマコブシ,pyukumuku,55,60,130,30,130,5,410,みず,,0.3,1.2
772,タイプ:ヌル,タイプ:ヌル,type: null,95,95,95,95,95,59,534,ノーマル,,1.9,120.5
773,シルヴァディ,シルヴアデイ,silvally,95,95,95,95,95,95,570,ノーマル,,2.3,100.5
774,メテノ,メテノ,minior meteor,60,60,100,60,100,60,440,いわ,ひこう,0.3,40.0
775,ネッコアラ,ネッコアラ,komala,65,115,65,75,95,65,480,ノーマル,,0.4,19.9
776,バクガメス,バクガメス,turtonator,60,78,135,91,85,36,485,ほのお,ドラゴン,2,212.0
777,トゲデマル,トゲデマル,togedemaru,65,98,63,40,73,96,435,でんき,はがね,0.3,3.3
778,ミミッキュ,ミミッキユ,mimikyu,55,90,80,50,105,96,476,ゴースト,フェアリー,0.2,0.7
779,ハギギシリ,ハギギシリ,bruxish,68,105,70,70,70,92,475,みず,エスパー,0.9,19.0
780,ジジーロン,ジジロン,drampa,78,60,85,135,91,36,485,ノーマル,ドラゴン,3,185.0
781,ダダリン,ダダリン,dhelmise,70,131,100,86,90,40,517,ゴースト,くさ,3.9,210.0
782,ジャラコ,ジヤラコ,jangmo-o,45,55,65,45,45,45,300,ドラゴン,,0.6,29.7
783,ジャランゴ,ジヤランゴ,hakamo-o,55,75,90,65,70,65,420,ドラゴン,かくとう,1.2,47.0
784,ジャラランガ,ジヤラランガ,kommo-o,75,110,125,100,105,85,600,ドラゴン,かくとう,1.6,78.2
785,カプ・コケコ,カプ・コケコ,tapu koko,70,115,85,95,75,130,570,でんき,フェアリー,1.8,20.5
786,カプ・テテフ,カプ・テテフ,tapu lele,70,85,75,130,115,95,570,エスパー,フェアリー,1.2,18.6
787,カプ・ブルル,カプ・ブルル,tapu bulu,70,130,115,85,95,75,570,くさ,フェアリー,1.9,45.5
788,カプ・レヒレ,カプ・レヒレ,tapu fini,70,75,115,95,130,85,570,みず,フェアリー,1.3,21.2
789,コスモッグ,コスモッグ,cosmog,43,29,31,29,31,37,200,エスパー,,0.2,0.1
790,コスモウム,コスモウム,cosmoem,43,29,131,29,131,37,400,エスパー,,0.1,999.9
791,ソルガレオ,ソルガレオ,solgaleo,137,137,107,113,89,97,680,エスパー,はがね,3.4,230.0
792,ルナアーラ,ルナアラ,lunala,137,113,89,137,107,97,680,エスパー,ゴースト,4,120.0
793,ウツロイド,ウツロイド,nihilegos,109,53,47,127,131,103,570,いわ,どく,1.2,55.5
794,マッシブーン,マッシブン,buzzwole,107,139,139,53,53,79,570,むし,かくとう,2.4,333.6
795,フェローチェ,フエロチエ,pheromosa,71,137,37,137,37,151,570,むし,かくとう,1.8,25.0
796,デンジュモク,デンジユモク,xurkitree,83,89,71,173,71,83,570,でんき,,3.8,100.0
797,テッカグヤ,テッカグヤ,celesteela,97,101,103,107,101,61,570,はがね,ひこう,9.2,999.9
798,カミツルギ,カミツルギ,kartana,59,181,131,59,31,109,570,くさ,はがね,0.3,0.1
799,アクジキング,アクジキング,guzzlord,223,101,53,97,53,43,570,あく,ドラゴン,5.5,888.0
800,ネクロズマ,ネクロズマ,necrozma,97,107,101,127,89,79,600,エスパー,,2.4,230.0
801,マギアナ,マギアナ,magearna,80,95,115,130,115,65,600,はがね,フェアリー,1,80.5
802,マーシャドー,マシヤド,marshadow,90,125,80,90,90,125,600,かくとう,ゴースト,0.7,22.2
803,ベベノム,ベベノム,poipole,67,73,67,73,67,73,420,どく,,0.6,1.8
804,アーゴヨン,アゴヨン,naganadel,73,73,73,127,73,121,540,どく,ドラゴン,3.6,150.0
805,ツンデツンデ,ツンデツンデ,stakataka,61,131,211,53,101,13,570,いわ,はがね,5.5,820
806,ズガドーン,ズガドン,blacephalon,53,127,53,151,79,107,570,ほのお,ゴースト,1.8,13.0
807,ゼラオラ,ゼラオラ,zeraora,88,112,75,102,80,143,600,でんき,,1.5,44.5